file_mod_rate,encrypt_ext_ratio,proc_spawned,suspicious_api,label
0.9640470213764456,0.6087653315100036,3,1,1
0.12728208225275608,0.027859033903195864,2,0,0
0.11686286238462006,0.07281887562036034,1,0,0
0.14137146876952342,0.08623637087467452,2,1,0
0.8520761313885503,0.6973586732874122,4,1,1
0.19801077002085266,0.031172206779554824,1,0,0
0.8501810713464122,0.8513705826458349,4,1,1
0.8550095155678803,0.7298047200701369,6,1,1
0.19223811276478286,0.015524024593071251,0,0,0
0.931336844755566,0.9552472755736143,5,1,1
0.0994497011784771,0.021144800699654465,0,0,0
0.07701954572038505,0.09398321236134752,0,0,0
0.07327236865873835,0.08421189231357087,3,0,0
0.12551161601681268,0.007513778173580877,1,0,0
0.1381875476204932,0.011203890216805235,0,0,0
0.7898697033861621,0.6307917868259865,1,1,1
0.11816665211380216,0.09472833396118154,1,0,0
0.8617283658208026,0.9301662656495793,8,1,1
0.7155507397359187,0.6249576274393108,4,1,1
0.18977710745066667,0.05554317056026275,0,0,0
0.1475793833391537,0.09198556164127605,1,0,0
0.8695255937358268,0.6870669598322144,2,0,1
0.1085392166316497,0.05899176868546331,0,0,0
0.10366593047274736,0.0743946292572677,0,0,0
0.8046461601908438,0.6821331754827199,11,0,1
0.1829728780440897,0.07476093801762511,1,0,0
0.7215327418679539,0.7632606763466793,5,1,1
0.18944971547677175,0.0010995828658480478,1,0,0
0.7428627884018235,0.6754162422997004,1,0,1
0.0735431606118867,0.0741120649290059,2,0,0
0.7286197831939631,0.80720322656185,4,1,1
0.8592813035236282,0.7231183326722983,5,1,1
0.9723696381338858,0.9988729415611801,6,1,1
0.8309842569306298,0.9756273917801166,7,1,1
0.7070784893936587,0.8929604196233516,3,1,1
0.7150678034391921,0.8396178348601526,11,1,1
0.1948789615332333,0.09502373538208025,1,1,0
0.19435641654419214,0.03772841631046227,2,0,0
0.8939376224913791,0.6661137960571829,7,1,1
0.016827992999009767,0.005182353682242691,0,0,0
0.0564069145142613,0.06527461078518747,0,0,0
0.08803049874792027,0.0129159415151495,2,0,0
0.784741727911001,0.9379485391020916,6,1,1
0.003091323305773486,0.02322126951468173,3,0,0
0.795276038578335,0.7736083890835035,3,1,1
0.1264611661187159,0.09865152487929797,0,0,0
0.1274859802996413,0.06067150463828559,1,1,0
0.7871513517014261,0.6571367859257328,5,1,1
0.9188034382263989,0.608970355664822,6,1,1
0.054166450252414844,0.011323804584075526,4,0,0
0.15703519227860274,0.046869315979497034,1,0,0
0.16167946962329224,0.0944765729882428,0,0,0
0.772119673868052,0.7699403371472348,8,0,1
0.08484440184939526,0.01753712786234496,1,0,0
0.11136025249167003,0.0794025189270296,2,0,0
0.8564378916164416,0.6880445303619013,6,0,1
0.19272399541785057,0.0906472110964547,2,0,0
0.92459357023786,0.9658194655394235,3,1,1
0.1800836114326661,0.050761037868445505,0,1,0
0.9984457881897852,0.6813890969990384,6,1,1
0.10990577646474711,0.0022469308320117397,1,0,0
0.8969893221123628,0.6859650548145584,6,1,1
0.0028786977259511737,0.014085702037979986,0,0,0
0.1698446820988356,0.07308674752036443,1,0,0
0.08579880547500368,0.08963358185211198,0,0,0
0.0024308949379632685,0.06636711653626481,0,0,0
0.034658864014169156,0.03990027038701303,2,0,0
0.9901105825768439,0.837136072203244,4,1,1
0.17851179969799558,0.08062012797930614,1,0,0
0.12587972762705252,0.033424389081696086,1,0,0
0.8751318341542335,0.8387407507551038,5,1,1
0.7626648172015491,0.8520988877824631,7,1,1
0.8416845412488945,0.7775677818025512,3,1,1
0.02897897441824462,0.058684111802087914,0,0,0
0.02015560027548533,0.037330931627975295,1,0,0
0.7911827536765081,0.6161403307438799,1,0,1
0.7898186765115043,0.8741775532887606,5,1,1
0.02223949646123027,0.04187705248920731,1,1,0
0.8373098815477882,0.7817381692270621,5,1,1
0.9120929462367149,0.8357815957938789,6,1,1
0.8731367758114962,0.7895684880464411,3,1,1
0.8810479288130135,0.642362321761503,5,0,1
0.19008229681531175,0.024640203323910682,0,0,0
0.9507477783731548,0.8667389565222632,11,1,1
0.7360621687361728,0.9435057117397889,9,1,1
0.8547585708136984,0.8740537239497936,7,1,1
0.9203331796226775,0.8798558278488486,8,1,1
0.06459129458824919,0.09255685129067764,3,0,0
0.842142948519384,0.843101073238261,6,1,1
0.033898549337218496,0.013927207266338726,0,0,0
0.7975885402069093,0.905741354574571,3,1,1
0.17822862273961423,0.02149403785907568,0,0,0
0.8240928024755906,0.7415156634945744,6,1,1
0.04316420549936864,0.0565133183589209,1,1,0
0.034640373982003037,0.017803596686975145,0,0,0
0.03915822695785929,0.08617856210135173,0,0,0
0.704294583300118,0.6405491590212636,6,1,1
0.051588325543031124,0.09293759891275859,1,0,0
0.723058622582849,0.6302334455416267,8,1,1
0.8633490877311595,0.7769175221804541,5,1,1
0.7116789889977002,0.7531195057745551,3,0,1
0.08550820367170993,0.017231987120162984,2,0,0
0.730567716419804,0.9509880186617927,4,1,1
0.016967542817038384,0.0274055220687206,1,0,0
0.703425395036222,0.8143740315408473,6,0,1
0.1938605071238198,0.04963662472012364,0,0,0
0.0988840609405163,0.07998552559473153,2,0,0
0.018796387968173803,0.034569599350391944,1,0,0
0.1579236285589108,0.048743119824951366,0,0,0
0.9675616434432204,0.6990239081119546,10,1,1
0.05888977841391714,0.011689804070836408,1,0,0
0.8071088031910036,0.909123829316135,4,1,1
0.8137282146015808,0.6999827785590484,4,1,1
0.8492619556438307,0.9043405323723127,7,0,1
0.16529149322154835,0.05830415609696922,2,0,0
0.8840812342712375,0.7614404009446365,4,0,1
0.9139620649847853,0.6637969050165433,6,1,1
0.9677674682459423,0.705854010770143,4,1,1
0.7558407693260043,0.8795795313949542,5,0,1
0.146398788362281,0.030952761628632777,2,0,0
0.11168084994716101,0.06650366745462555,1,0,0
0.7026589855340406,0.8685916594668828,6,1,1
0.7057982892752803,0.814221525951869,3,1,1
0.8348049226118925,0.8350343484437608,3,1,1
0.7525665316317481,0.863804307456308,5,1,1
0.7647222037529362,0.7204184311337252,5,1,1
0.1345036912154077,0.07636057941597608,3,0,0
0.9898142515386031,0.8971525974671756,5,1,1
0.9030463896572187,0.6795968555837747,5,1,1
0.7739810904934074,0.6421381937925332,5,1,1
0.7488099231425698,0.6033454727507428,3,1,1
0.8162946416366941,0.93539673353721,2,1,1
0.9383546633472246,0.7189163161229335,5,0,1
0.009060801954408905,0.09968742518459474,0,0,0
0.002167530296059672,0.0341817351697876,3,0,0
0.7672880449855135,0.9134953004300945,7,1,1
0.014808930346818072,0.09265876251614945,1,0,0
0.7686030338810826,0.6265853303105088,3,1,1
0.8442670439809027,0.8481895140207882,7,1,1
0.8103357963268458,0.8656877539955873,6,1,1
0.9506440677226583,0.7156749785183799,5,1,1
0.8517873723204794,0.6307886677523497,8,1,1
0.8112823024473296,0.9348478511322609,3,1,1
0.1856637125175451,0.08995745732745686,1,0,0
0.8921428126527532,0.9464382534446766,5,1,1
0.807614657625104,0.7329824628594848,4,1,1
0.9670423412188044,0.682500845534461,9,0,1
0.01033634423372154,0.07072386343133986,1,0,0
0.07784033574683263,0.0817443561738441,2,0,0
0.8975621547010164,0.6717458728048842,7,1,1
0.06464058640415105,0.04474123668234547,0,0,0
0.7570322949351183,0.9215258180773787,7,1,1
0.9341128370712941,0.6334217350042759,4,1,1
0.7940043752755429,0.6857625931972658,6,1,1
0.10495128632644757,0.0810553330781833,0,0,0
0.12517198314284728,0.05953850173200438,0,0,0
0.031203728088487304,0.06847311725538793,1,0,0
0.8633446998400789,0.9839451210853821,5,1,1
0.8185392722834509,0.7040946391940918,2,1,1
0.8429007199903296,0.9112100972578613,6,1,1
0.09273968098799644,0.03609738969400268,1,0,0
0.8215308083582699,0.8826519479514838,7,1,1
0.016269756128379952,0.05765164755142536,1,0,0
0.9318764445628345,0.7570922973085665,5,1,1
0.7471819624539145,0.9451987325435488,6,1,1
0.18615146512071296,0.020498429541582097,0,0,0
0.023413403285521175,0.02578876854332023,1,0,0
0.03993475643167195,0.041481950233766524,1,0,0
0.0022707289534838137,0.051891770528283754,2,0,0
0.14449042305230106,0.08772005408131084,1,0,0
0.027898772130408367,0.03808908566310215,0,0,0
0.9828172957282337,0.7564131476509595,4,1,1
0.04837045818009034,0.018704374855752336,1,0,0
0.9888305050759618,0.8465201943702896,6,1,1
0.09165057809830333,0.05243902693275801,0,0,0
0.022694704248117814,0.025790282704493985,1,0,0
0.08677032984759461,0.09610703174694551,1,0,0
0.03128740853421721,0.0054761638822031335,1,0,0
0.9600311063518001,0.9184965802165475,9,1,1
0.9943533510286884,0.7501875713866002,7,1,1
0.9873369402964611,0.6230928636900469,4,1,1
0.8075735384574619,0.6966002511971334,4,1,1
0.774202094745725,0.8890951008955219,4,1,1
0.12840632923085757,0.05325894325515859,2,0,0
0.8567530543256765,0.8992735648195385,4,1,1
0.7307547892199423,0.8598035718829788,6,1,1
0.9379428621990218,0.9530239507089389,4,0,1
0.1589622607083297,0.016426579793099295,0,0,0
0.9139138151902956,0.6801128071470504,5,1,1
0.11104016231989247,0.027997909366028417,0,0,0
0.9502433791002027,0.7105276433863414,5,1,1
0.19243450969490838,0.028869373677069987,4,0,0
0.9537764319033196,0.6453214018909856,6,1,1
0.9022059757176377,0.9389551722285495,5,0,1
0.8496686993607825,0.7935957472718989,2,1,1
0.9410448229890653,0.700357218276441,1,1,1
0.8006831362809528,0.8543761307306843,5,1,1
0.744190913283691,0.6817265533595881,6,1,1
0.10554022181725997,0.0031183135061284674,1,0,0
0.9831104778460662,0.8236237139786409,4,1,1
0.013010318597055905,0.09966368370739054,0,0,0
0.1544489538593315,0.05139894891598108,2,0,0
0.9063166127291682,0.6273412801239834,3,1,1
0.737665064428796,0.6775452271747571,2,1,1
0.0153959819657586,0.06903948286293653,0,0,0
0.702352477231575,0.8031220255835116,9,1,1
0.7131699827929014,0.9373304671151532,3,0,1
0.11973169683940732,0.08137950197069488,1,1,0
0.737310519700153,0.7427543900684441,4,1,1
0.19713009082212016,0.04316595462296794,1,0,0
0.8588979171836859,0.7897020083907814,8,0,1
0.9569611671243781,0.6717424041156964,3,1,1
0.9137863999295539,0.8494972339456036,3,1,1
0.17323522915498704,0.08225372429231691,2,0,0
0.9993462567045934,0.8529128614550558,5,1,1
0.013872260175033091,0.09461154621336328,1,0,0
0.009089276068291574,0.06884023964277361,3,1,0
0.16202267893583616,0.08464522917345182,1,0,0
0.0046543871471651736,0.06589239419101514,1,0,0
0.7796748498875818,0.8993423414662959,3,1,1
0.7666227612079961,0.8334854350925456,5,1,1
0.012711670057204728,0.03287516102875082,1,1,0
0.11225543951389926,0.034566728332386325,0,0,0
0.9421212711600109,0.8594555827075262,5,1,1
0.170601891093472,0.06242379959139921,1,0,0
0.8298187408059113,0.9149548107009331,7,1,1
0.9485407898347351,0.767333545640912,5,1,1
0.730541104884861,0.6751681523261293,3,1,1
0.9551044003359686,0.6256025386434484,10,1,1
0.058245828039608386,0.01504168911035282,2,0,0
0.08638900372842316,0.09872761293149446,2,0,0
0.9271930621403317,0.7490133095038203,10,1,1
0.10812702432202131,0.05762883601668132,2,0,0
0.8249513295711637,0.8597289298307527,3,1,1
0.8490086268453839,0.6407572403491747,5,1,1
0.9114613030130145,0.7108050097303915,4,1,1
0.7383600403667252,0.6269023655869471,1,1,1
0.970582059024745,0.8478104800145213,9,1,1
0.023763583253614384,0.07380336164263705,3,0,0
0.13837903953853867,0.05956387406078443,1,0,0
0.1721461166512687,0.07474709381337566,3,0,0
0.8999156240734619,0.8467134431410165,1,1,1
0.7174275856241049,0.9526762447374032,4,1,1
0.8312983984444611,0.6614764171376818,9,0,1
0.7163903260002916,0.9226660212107266,2,1,1
0.8373987277010715,0.6076515865749148,3,1,1
0.16437201185807127,0.0914298806560499,2,0,0
0.7836279617243659,0.7495684188051255,4,0,1
0.011511752003328858,0.042521350446923345,2,0,0
0.8657502902223667,0.7596141270569738,7,1,1
0.08968910439566397,0.04361265291353167,2,1,0
0.15067563705178832,0.09000186418481051,1,0,0
0.16360295318449863,0.04625347161331479,1,0,0
0.16719602410244117,0.08698963620621283,0,0,0
0.8267887591040827,0.6928072721235243,7,1,1
0.10214946051551316,0.025243694434402077,0,0,0
0.15542938318548738,0.06005168604336534,1,0,0
0.8557096840388646,0.8022536613687835,4,1,1
0.8823256366758168,0.6224704309389756,6,1,1
0.14124844543129925,0.011775108289014114,1,0,0
0.03258688541628594,0.08980542894407138,0,0,0
0.18734599774734692,0.0969470433275369,2,0,0
0.12984206042321272,0.060315210946638824,0,0,0
0.19264450788812226,0.047605040219909966,1,0,0
0.7403305388224365,0.773106751839705,3,1,1
0.8097042244784114,0.7663100414093288,4,1,1
0.8639731426096884,0.9344470812828995,4,1,1
0.8298448006628407,0.9285553451602777,7,1,1
0.7590777113360285,0.9214150637850413,7,1,1
0.09903538202225404,0.060617463445088005,2,0,0
0.05426980635477918,0.021296416150891076,0,1,0
0.9922583331449071,0.6007968540876281,5,1,1
0.8553881583137737,0.869458166989963,5,1,1
0.9135168417238146,0.6267894448101086,8,1,1
0.8430530404953451,0.7618109542295479,2,1,1
0.056192637918446066,0.04348273386037463,0,0,0
0.03668090197068676,0.0026366974497252006,1,0,0
0.7965009968978646,0.9127839908631836,1,1,1
0.1559751091715248,0.048114010185481754,0,0,0
0.8258343981871941,0.8647875779175473,2,1,1
0.037624231944752264,0.05902306668690871,1,0,0
0.1368466053024314,0.045054413531009356,1,0,0
0.8771913501983913,0.8323801519552717,2,1,1
0.7879925832341694,0.8442187020061698,7,1,1
0.7044080165964861,0.7239227501289875,8,1,1
0.14519113577404788,0.02886305532402558,0,1,0
0.1614880310328125,0.018452101935637732,1,0,0
0.7000404079013456,0.7034846568621764,6,1,1
0.04558703250838834,0.0618254771530296,0,0,0
0.03548790875594456,0.023818278104672654,1,0,0
0.10454656587639882,0.06675577385210273,1,0,0
0.028016803047304806,0.024848913981446577,3,0,0
0.7402824552706826,0.9171032454291251,9,1,1
0.007188454759348418,0.09084505613336284,0,0,0
0.12701873017352877,0.008534966807864386,2,0,0
0.7213474855520298,0.7038305797100197,6,1,1
0.8141553129609683,0.6076579471987347,4,1,1
0.7052657090099886,0.7756842404998869,6,1,1
0.1150948355751758,0.006570863942835237,2,0,0
0.10786844838313014,0.07482596903836584,0,0,0
0.9665977240796195,0.9531975299319092,7,1,1
0.19333096380873394,0.054355286111398865,0,0,0
0.9123164050802582,0.7567437492752104,7,1,1
0.7597645824682159,0.6641850457084906,6,1,1
0.7188068864865598,0.8453166739549516,5,1,1
0.01569127626845319,0.08388980864459342,1,0,0
0.7267868573576718,0.8691486674392319,3,0,1
0.15425406933718916,0.014707348092903794,0,0,0
0.019566832130200298,0.06322642879195305,0,1,0
0.0036443651303099457,0.02707446731435538,1,0,0
0.14060379177903556,0.024247050363472966,0,0,0
0.0825235353822853,0.08556964681062858,0,1,0
0.09852502085817183,0.03831385282494975,2,1,0
0.8208619847897911,0.8594019280474752,4,1,1
0.921360855568459,0.7111411104358849,4,1,1
0.014552601272838707,0.0018390676547466733,0,0,0
0.8708619338701311,0.7557619755915501,4,1,1
0.04752750879847994,0.06459172413316012,2,0,0
0.794881044918792,0.6797081345867203,2,1,1
0.11715511625469266,0.04720669451099993,0,0,0
0.07355662654385065,0.035609672589784626,1,0,0
0.10326006966023907,0.09343670147690149,0,0,0
0.11957999576221703,0.0876653602658345,1,0,0
0.7678375993749016,0.9990513189608626,6,1,1
0.9973983704692662,0.6878215692919207,8,1,1
0.05035645916507284,0.03220791655831783,0,0,0
0.9881880926539599,0.7551304359667725,7,1,1
0.04529915503958759,0.05245113895702547,2,0,0
0.0911313505571426,0.07994158789689793,0,0,0
0.7908792716921287,0.605752578428834,6,1,1
0.895491928143183,0.642157287243122,2,1,1
0.8533387417711689,0.7737613276026439,6,1,1
0.9420080559084217,0.825358140285056,8,1,1
0.1184829137724085,0.005637549665092712,1,0,0
0.1394031481990536,0.07624586857406906,0,0,0
0.9080854172421385,0.9591676747830663,8,1,1
0.7866654816727496,0.6779900799601157,8,1,1
0.8179585603083767,0.8347746026235628,3,0,1
0.8073442252340646,0.661931445039088,4,1,1
0.9400010445291044,0.8427387822160557,3,1,1
0.8989141575410267,0.8264722764900283,5,1,1
0.13039225190052012,0.04715761885501584,2,0,0
0.018734953565618495,0.00664962673667775,2,0,0
0.886387734714883,0.9410189684983882,6,1,1
0.7134733896986847,0.9034861284655683,4,1,1
0.15965903579335505,0.02292513952326415,0,0,0
0.18165317719333074,0.00869202880874237,1,0,0
0.11538077692527182,0.06651972206962002,1,0,0
0.7036309350328321,0.6021253902673384,8,1,1
0.886724092469799,0.8808584384727318,5,1,1
0.8462883429001633,0.8818217712109782,2,1,1
0.7454785224400298,0.9603843582761872,5,1,1
0.18809171687058288,0.046267978566960646,0,0,0
0.9432635743023755,0.6155917282644522,6,1,1
0.05714241725637215,0.07190459051842456,1,0,0
0.02157828539866089,0.004086861626647886,2,0,0
0.9310474635271287,0.8707763131987349,7,1,1
0.1156560281992348,0.01815977168014257,2,0,0
0.7920329798566423,0.9901372533916282,4,0,1
0.9225688980876146,0.7251111956841416,6,1,1
0.8987302035103204,0.8969012748796348,5,1,1
0.0749080237694725,0.06981617140197452,0,0,0
0.9413311623038515,0.6226342624586862,3,1,1
0.7173533348341481,0.6981409256664844,3,1,1
0.07018300251041575,0.06334782198261472,2,0,0
0.006100049987809886,0.015335140311608021,0,0,0
0.0013904261062381408,0.00366832028905979,1,0,0
0.8109439767961529,0.8821843321133944,4,1,1
0.7753004149786901,0.680901672209814,7,1,1
0.1754678706761962,0.0668643219924431,1,1,0
0.12903455808189,0.04103968269896616,0,1,0
0.8222629093097292,0.7386096671810873,5,1,1
0.15111022770860974,0.036426986104807546,0,1,0
0.9979765046268891,0.9632913954801292,9,1,1
0.07169314570885453,0.04921162930795382,2,0,0
0.01943529875415371,0.07885972112245308,1,0,0
0.9306768346322922,0.807480397752238,6,1,1
0.7684706090481097,0.7417085308868863,2,0,1
0.17429211803754355,0.09208724005318132,3,0,0
0.9852785783507645,0.6625906864014403,7,1,1
0.16043939615080793,0.04374749220237291,1,0,0
0.9518015477068007,0.8550752987583742,5,1,1
0.10052741862103842,0.08145747202313822,0,0,0
0.9127962485417829,0.8829588000131711,8,1,1
0.7027115407237876,0.921797856972729,7,1,1
0.9298347798386759,0.9882706181638976,1,1,1
0.8036025856734663,0.6624826274746488,3,1,1
0.1972421488959206,0.04460057729579558,0,0,0
0.9341895152276671,0.6915501849933996,3,1,1
0.1355128723684565,0.017337359529475484,2,0,0
0.9787684160895562,0.870410515221019,5,1,1
0.8071363477901508,0.8865588447832395,6,1,1
0.15528259214839937,0.039718352961845484,2,0,0
0.1223705789444759,0.05941307153521352,0,0,0
0.8943452337971585,0.9778945035132318,5,1,1
0.05175599632000338,0.06181282404578958,3,0,0
0.08779428414112722,0.09848411989623346,1,0,0
0.09444298503238986,0.015190269351229435,1,0,0
0.7964487103743646,0.7251629576854592,7,1,1
0.784301349672614,0.9860061477817887,8,1,1
0.7996573099346813,0.7292109383016375,6,1,1
0.04744981749936002,0.0929529144247826,4,1,0
0.19252968293558503,0.09208418826173724,0,0,0
0.114012234017873,0.08938925830509577,0,0,0
0.1071549368149517,0.02372267917359945,2,0,0
0.009045457782107613,0.07551372556736191,1,0,0
0.039048597559608905,0.03588304841235025,0,1,0
0.15230212634349446,0.08349302367992992,2,0,0
0.8567729798010235,0.84145488022375,10,1,1
0.7219244686081044,0.8593272029808382,6,0,1
0.8164497118380987,0.8130016265663927,2,0,1
0.8509251852339509,0.6810530536541373,6,1,1
0.1541934359909122,0.0896788409906012,0,0,0
0.014759312947079772,0.05950779307002549,1,0,0
0.03697089110510541,0.07723183917356394,1,0,0
0.7691249986352049,0.7644766071978344,7,0,1
0.1452182667445323,0.0424130671302386,1,0,0
0.018241220609738075,0.08945522268940914,0,0,0
0.06752303428072559,0.05321134852653157,0,0,0
0.9319425621756015,0.6641461624478973,7,1,1
0.1812708770189472,0.09144119459249599,1,0,0
0.016700143339733752,0.05974131021703083,1,0,0
0.8907864121491185,0.8525675684873506,4,1,1
0.0018394103233259297,0.09899602323899453,2,0,0
0.7885904432715498,0.7964382917532661,2,1,1
0.7004421466258934,0.6520322679315788,7,1,1
0.03487328580099829,0.09823786169086064,2,0,0
0.7334536636963829,0.9256502742364647,4,1,1
0.7740471607605707,0.8856210893512506,10,1,1
0.19810102840013466,0.07222669318556592,2,0,0
0.9839369539451217,0.8381213063709956,3,1,1
0.06338440103125553,0.03349056146570861,0,0,0
0.9121259431800095,0.6368267944329902,4,1,1
0.9545276137271574,0.8617368021970879,6,1,1
0.7029771463383506,0.9811260068010024,2,1,1
0.9919234488916999,0.9432093084028916,4,1,1
0.8903091066615061,0.9066060198130339,6,1,1
0.8686218383207713,0.8671042366412611,5,1,1
0.19078571540051747,0.030137787416414208,0,0,0
0.8934497812066942,0.8620694858097352,5,1,1
0.1392059593349946,0.053346109197632156,1,1,0
0.1459212356676128,0.007586332810866393,2,0,0
0.7232948004014815,0.7690914547575729,5,1,1
0.14073157187600474,0.03623938991166331,0,0,0
0.9155361841967651,0.6126975061491954,5,1,1
0.7087509290935793,0.8684629893518754,3,1,1
0.9544126268804451,0.9006987969583362,8,1,1
0.937778534886515,0.7733888931022538,6,1,1
0.011616722433639893,0.09109271844938426,2,0,0
0.10226847977218756,0.07972953657795537,1,0,0
0.9931923723974512,0.7402082137144648,3,1,1
0.9892235249470325,0.8426926898869745,4,1,1
0.06780595820974014,0.011483682473920355,2,0,0
0.8131954161889579,0.893093389914466,4,1,1
0.8378994611207984,0.8142626397390315,5,1,1
0.9222712168456214,0.6365565945327105,6,1,1
0.721870550610371,0.8494595113161064,3,1,1
0.7235367448951372,0.9026920668274272,4,1,1
0.11077085688026417,0.005142581348425036,2,0,0
0.8228236215451055,0.8229348678292032,4,0,1
0.8107842310646622,0.8372632876157873,7,1,1
0.04985844582977499,0.04607787680327258,0,1,0
0.8429310959031375,0.7084385015056263,5,1,1
0.16289369651778718,0.0027095992503483493,0,0,0
0.7112713271196722,0.8306809595431025,7,1,1
0.9627649250551171,0.9984630693995116,1,1,1
0.7935591573750649,0.9505277732569246,8,1,1
0.8563888142962417,0.8213484758999088,3,1,1
0.9326038451209406,0.8689841992100116,3,1,1
0.10375812434867322,0.05326172664550232,0,0,0
0.16255991345150053,0.020642127176060322,2,0,0
0.062196464343132446,0.06334008543167258,3,0,0
0.1670604991178476,0.015285913918433203,0,0,0
0.7778625349528271,0.8167043857070253,4,1,1
0.02062477376718652,0.020788625514602734,2,0,0
0.14291918454001248,0.0004632023004602859,1,0,0
0.1583158087451697,0.08684679758979129,3,0,0
0.0883061002746754,0.02686773593849461,1,0,0
0.9033439600930132,0.8010524970520522,2,1,1
0.9103509584770779,0.8820556582282253,4,1,1
0.7368762035396162,0.894614091333917,11,1,1
0.9695681814024518,0.8059733399653037,5,1,1
0.1657475018303859,0.013637147558676977,1,0,0
0.9778582205295345,0.8193676651974251,3,1,1
0.918658432680984,0.9212008287831348,9,1,1
0.05572929284732229,0.04984421989290573,1,0,0
0.09789055205551261,0.074543947418433,0,0,0
0.1024186116598562,0.008023374566164221,2,0,0
0.17262068517511872,0.045913575623826135,0,0,0
0.7908747186499577,0.9563422139932587,5,1,1
0.9900536499397856,0.7441707308565945,8,1,1
0.07861954493335209,0.07952673118598902,1,0,0
0.1689750621938909,0.07159722288473976,3,0,0
0.811521788471899,0.8775798362040628,1,1,1
0.8639290948233542,0.833276321710839,7,1,1
0.9565090604859805,0.7729384905613389,7,1,1
0.008145760463794028,0.041892544950454795,0,0,0
0.04442156209414605,0.08952068376871994,1,0,0
0.19312640661491187,0.07689874151805105,0,0,0
0.18593953046851464,0.06279003894909078,4,0,0
0.10627092631362961,0.015253904291426135,0,0,0
0.06092275383467414,0.08496473906774116,0,1,0
0.9018108982626694,0.7146078195708492,3,0,1
0.1266807513020847,0.08735786241067772,0,0,0
0.18107012839121275,0.018192813049527114,3,0,0
0.006877704223043679,0.022864280550346273,0,0,0
0.16073441537982291,0.006107795985486376,0,0,0
0.17910464569924012,0.0892671711076975,2,0,0
0.1802316020981978,0.04954913162061985,1,0,0
0.07763398524130438,0.07755276166950106,1,0,0
0.19460211095048913,0.01397723766262895,3,1,0
0.11468757762465723,0.04094116521912405,0,0,0
0.07119453573025232,0.022460482293998198,1,0,0
0.05547623659622654,0.02721451372299627,0,0,0
0.9262794920041069,0.8315227018047762,4,0,1
0.9682282907599753,0.6874862451991709,4,0,1
0.007469637749842883,0.058622983201679725,0,0,0
0.03224425745080089,0.07994103989090427,3,0,0
0.008631982390115223,0.07325720972102504,0,0,0
0.9358616956783175,0.8438789700610464,7,1,1
0.09373212839882526,0.004696596677505505,0,0,0
0.09832317502336647,0.0013094456588333637,1,0,0
0.0682132702100517,0.081707207094928,0,0,0
0.05615447248817116,0.03924451074226354,0,0,0
0.14564326972237193,0.05707783046689119,3,0,0
0.03410482473745831,0.09997176732861307,0,0,0
0.12636744243395986,0.05520471808519803,0,0,0
0.19398197043239887,0.04182430362906189,1,0,0
0.12992657980944294,0.012429722348554474,3,0,0
0.07773545793789641,0.07040797680992236,5,0,0
0.9061057799509729,0.6324596714144957,6,1,1
0.04485386189211196,0.041184091414726856,1,0,0
0.19859295922386008,0.02622640442998251,1,0,0
0.9433371309800412,0.9482107865077537,2,1,1
0.8286106062959301,0.656129807277406,7,1,1
0.9910771329178172,0.760754879956292,6,1,1
0.12751149427104264,0.012887972191064924,0,0,0
0.7013089808950926,0.9730842032531045,9,1,1
0.023173811905025946,0.025824438829895838,0,0,0
0.13660135468327136,0.04087341710980964,1,0,0
0.12622772519945258,0.016365594286570452,1,0,0
0.9482518959619664,0.7819057370210645,9,1,1
0.08563682966346287,0.038389122137321145,0,0,0
0.739514508573728,0.8636181640528929,5,1,1
0.7149937085979036,0.780517645211702,4,1,1
0.9890497722662766,0.7417699795172219,9,1,1
0.11817858863764837,0.028509516869384712,1,0,0
0.9302702885553755,0.7770182059258982,4,0,1
0.16452011213193166,0.050588867888446604,0,0,0
0.07734706926010748,0.039785559904574164,1,0,0
0.9718261181443781,0.9893530476659285,2,1,1
0.7678086993447999,0.8390673130810813,7,1,1
0.07412842941337819,0.08297418037072017,0,1,0
0.9186943184967449,0.8001437784862242,4,1,1
0.07722052756015485,0.055964033130821794,0,1,0
0.05696809887549353,0.011976213181925122,1,0,0
0.7894156625918329,0.7484451753720511,5,1,1
0.7912596158908842,0.6965985941027472,2,1,1
0.19012142938751123,0.062414890784913406,1,0,0
0.1391948412187396,0.051883805712607214,0,0,0
0.10934205586865593,0.05203077009037933,0,0,0
0.17805275677818327,0.08191023176741997,0,0,0
0.9343965567241915,0.6686775630821798,2,1,1
0.07525191710618316,0.08738900775625152,0,0,0
0.014910128735954166,0.09041586944937485,2,0,0
0.9587921413447537,0.769334057661279,3,1,1
0.9880406813216341,0.7284648610543814,3,1,1
0.7011459767975748,0.6968088319923509,4,1,1
0.7725795040946588,0.8331704227217053,3,1,1
0.7994694097201581,0.7473388855177405,4,0,1
0.10401360423556216,0.06715731955927996,0,0,0
0.7050842994668742,0.9435267084672618,8,1,1
0.7725931390951136,0.630279890923915,8,1,1
0.8999801437139857,0.8835062620916616,5,1,1
0.1257885693559768,0.0019710537754364156,0,0,0
0.005302262108324363,0.003654966784809488,2,0,0
0.7822214768026573,0.8788543223567237,2,1,1
0.9047851663670207,0.6061579566765234,5,1,1
0.023505249355420976,0.008279866792512648,1,0,0
0.018257335357226713,0.037969240816726695,1,0,0
0.0912139968434072,0.08383287047111379,1,0,0
0.019534422801276777,0.024734810174319766,2,0,0
0.12909445918143356,0.04391349085702184,1,0,0
0.9755279296436226,0.8529565297313549,6,1,1
0.9321974134458287,0.6410271850334359,8,1,1
0.17168255036860236,0.029314773026101328,2,0,0
0.8932447664427747,0.8153327773022854,6,1,1
0.015546927392996969,0.01368186309189614,1,0,0
0.9670645007908523,0.6281967782572578,7,1,1
0.07135066533871785,0.001454466566788193,0,0,0
0.04879792867581672,0.08418287767582722,0,0,0
0.7497249339460468,0.7940378639918161,6,1,1
0.9345471590034806,0.8337795639029704,4,1,1
0.8526671666773167,0.88604006451348,6,1,1
0.8193509876506471,0.9561638068877314,2,1,1
0.9729829431563176,0.7835762066387282,5,1,1
0.121285811931918,0.006337497047276775,0,0,0
0.17942205199051542,0.05812382214226123,0,0,0
0.14701420876077717,0.07999160853731895,2,0,0
0.19737738732010346,0.03482554670233003,2,0,0
0.01126065513636747,0.01662833687560794,0,0,0
0.0727259204758588,0.0269243230949381,1,0,0
0.1754746143855911,0.0033532434735779383,2,0,0
0.19248945898842226,0.002007119777772637,0,0,0
0.7198029532420724,0.7057105052634557,5,0,1
0.918117028484617,0.7820687966934625,8,1,1
0.9851377511725887,0.8769435689844232,4,0,1
0.17109211680220146,0.09148459010681001,3,0,0
0.9561354765114001,0.7865239024560681,5,0,1
0.8080151397702935,0.7473795679666315,6,1,1
0.7207022777838449,0.6134705615497856,5,1,1
0.06816070805060358,0.06680851365706462,0,0,0
0.8983042762741961,0.9962716628263063,4,1,1
0.13442710948117573,0.02837759057987245,0,0,0
0.788385818903858,0.9003759193453273,3,1,1
0.05618690193747616,0.0350587558806597,1,0,0
0.06759903137030716,0.05427244433475962,2,0,0
0.8275684556313081,0.699603494443636,4,1,1
0.753776683572337,0.6338261512388951,5,1,1
0.02391884918766034,0.013882717264941015,1,1,0
0.01805795401088166,0.010178247262040375,1,0,0
0.784743623193108,0.7087784157673795,5,1,1
0.9424705630027667,0.7074135024270429,6,1,1
0.19014286128198324,0.05360963663441204,2,0,0
0.06507993963185355,0.08306194077877292,2,0,0
0.9943431195375465,0.9509401812531355,6,1,1
0.06506606615265287,0.06203095513534647,0,0,0
0.8501872804211253,0.9805692883382264,3,1,1
0.7574778837204477,0.9631354055534136,3,0,1
0.8189661045969889,0.9531659266074889,5,1,1
0.1416145155592091,0.072571950838836,4,0,0
0.022010384905535352,0.048452298519102134,1,0,0
0.9111571274902993,0.929193522016707,5,1,1
0.13270035382161116,0.08098744458546349,1,0,0
0.971833300639749,0.8440029668317943,3,1,1
0.18264811051129426,0.03972872905603673,1,0,0
0.9077597294611324,0.7143033298370824,4,1,1
0.1325044568707964,0.035816271803284054,0,0,0
0.8646575995232068,0.7341116200313182,6,1,1
0.7226815121850252,0.8227513772688384,3,1,1
0.8963952060597864,0.7301162473446992,3,1,1
0.09469435415611314,0.06635373720167106,2,0,0
0.9530948992155471,0.6733768785613737,1,1,1
0.889276537068749,0.7677086644664088,2,1,1
0.7108056454874279,0.9287323786341437,7,0,1
0.9242333219790082,0.807689828312082,4,1,1
0.7585721808869476,0.7101152853807441,4,1,1
0.8059151174800907,0.8778563835574911,4,0,1
0.06234221521788219,0.011355759219962902,0,0,0
0.11087081050228015,0.03463459943659613,1,0,0
0.8734895198261081,0.8000451008306508,6,0,1
0.19097305613263882,0.05373956029379229,0,0,0
0.032325742818922754,0.03366042781939206,2,0,0
0.8785395024717044,0.9655153775493037,3,1,1
0.031198904067240532,0.01626169393448913,2,1,0
0.10444865201096087,0.08721239089441515,1,0,0
0.8780682806136357,0.6266258911656891,1,1,1
0.9936943345524427,0.9786934915693583,7,1,1
0.7862898187131034,0.626806615100484,8,1,1
0.975245752939597,0.7348826302263008,5,0,1
0.19397576534152783,0.09368297393247581,0,0,0
0.09311960362649203,0.058339179476612046,2,0,0
0.8194015878863508,0.6662992707860883,3,0,1
0.17741728485302347,0.015436271527420232,0,0,0
0.12300144533983395,0.015167487973275119,2,0,0
0.9854289431085497,0.9607096114184914,2,1,1
0.008155028310952784,0.018656702405130576,2,1,0
0.023214528101383247,0.01763869865062233,0,0,0
0.8898135636245803,0.9220361273982651,9,1,1
0.9283023770486176,0.8388621223961208,4,1,1
0.8336624916225672,0.7334513583347463,3,1,1
0.8757594365360557,0.8804558377669894,0,1,1
0.09483476581746504,0.058058835027804345,1,0,0
0.1616240759128834,0.008175903194887191,1,0,0
0.8153065115572404,0.9352619899954571,7,1,1
0.9221428395860557,0.7728075710378024,3,0,1
0.8874622298820997,0.6120104021317571,2,1,1
0.8392285478360512,0.7306970168120164,4,1,1
0.9168120873094685,0.9135039369936429,6,1,1
0.03542213588140979,0.03769444294249076,2,0,0
0.10593011567120131,0.0769492933191937,1,1,0
0.9614242102572563,0.894970434308271,7,1,1
0.007377389470906559,0.0890527280739895,2,0,0
0.7811179859153576,0.605498221604538,2,1,1
0.9865345621875103,0.9874149326799568,4,1,1
0.005083825348819038,0.01922890188086708,0,0,0
0.12364361266325222,0.09844021807035522,1,0,0
0.9262744779046242,0.9457732987473456,2,1,1
0.9390044191574116,0.9210561249411718,5,1,1
0.13203947534354626,0.03334991716911442,1,0,0
0.18107639528385275,0.02594234334312925,0,1,0
0.049546197900231494,0.04522179408898072,1,0,0
0.8715237949431246,0.9589463463163728,8,1,1
0.06360069499437278,0.0370472102791382,1,0,0
0.914185789751977,0.7012406156718435,4,1,1
0.1818640804157564,0.06717006844058568,1,0,0
0.8773390909775549,0.6353539787938075,4,1,1
0.17341446371602076,0.012748866233198243,1,0,0
0.909162814572891,0.8699145208669642,2,1,1
0.9143272492213727,0.9982524437995534,4,1,1
0.12465962536551159,0.09800325752854772,3,0,0
0.9498491130364813,0.8490522134394632,4,1,1
0.004863193286290768,0.08165994394715771,2,0,0
0.04841105430230008,0.012758030279556376,1,0,0
0.9928041469837641,0.801252989020616,9,1,1
0.7621227427632565,0.6124596371173564,5,1,1
0.15915853388722023,0.06411476328852973,0,0,0
0.10974675787331722,0.07602278598896867,0,0,0
0.8658121227155635,0.952389202255863,5,1,1
0.01029575024999787,0.07891712386073384,3,1,0
0.8488776258647084,0.6678913714307693,4,1,1
0.787013659588731,0.6786614339811835,5,1,1
0.7485014308710886,0.6274854710895844,5,1,1
0.7704920214987858,0.829042893152809,6,1,1
0.9314880732935823,0.8646737153599426,3,1,1
0.13199680920683582,0.055676289301392984,2,0,0
0.840996480447381,0.8768294588097476,7,1,1
0.7197084576863096,0.6966147366806728,10,1,1
0.7899401582695708,0.6470205200600879,4,1,1
0.8044286779504863,0.6717013022957122,5,1,1
0.15903723895374075,0.04508393714041321,1,1,0
0.8106121512594385,0.699353443497283,6,1,1
0.00110442342472048,0.03965427823212702,3,0,0
0.7157065060562416,0.7710405334813349,8,1,1
0.9366797415328021,0.708322531214789,5,1,1
0.9111099338887153,0.7953982530639622,4,1,1
0.7216949425773815,0.8627024253898228,3,1,1
0.17371982563789207,0.029712171562317504,1,0,0
0.9362647257576338,0.7083770793265461,8,1,1
0.07403174005108888,0.05027203900924792,1,0,0
0.16136694785345282,0.02431721909994541,0,0,0
0.13934743307283012,0.06718927435987285,3,0,0
0.08207658460712595,0.020633371840579253,2,0,0
0.7862228789396739,0.6742586819604972,6,1,1
0.7140555725582809,0.8893791271400004,4,1,1
0.7828508673462699,0.6036216646321484,9,1,1
0.8744866878967581,0.7056247938774876,5,1,1
0.13914973779692344,0.0770912203745822,0,1,0
0.03731401177720717,0.027687764814720375,0,0,0
0.9022390886608189,0.6461578568715669,3,1,1
0.190012393410161,0.026806364082287627,1,0,0
0.05304047353634509,0.05744731131799119,1,0,0
0.703647031443216,0.786003807010571,5,1,1
0.140193826291824,0.027230732651936897,0,0,0
0.131738726323789,0.02099055930955858,3,0,0
0.9420896472651981,0.8893774649419648,10,1,1
0.7632114891601609,0.9777794330777214,3,1,1
0.09875911927287816,0.04739616402628724,2,0,0
0.12670594215217895,0.060577481935688716,0,0,0
0.10461956883402977,0.05968428489168892,1,0,0
0.027504188829198653,0.08655071258939803,2,0,0
0.8177374558688439,0.9556511695760039,4,0,1
0.08348220062975581,0.07133495858845525,1,0,0
0.9296640251547582,0.6379671747286678,7,1,1
0.07189823024395103,0.034208174871590745,2,0,0
0.9595887276726738,0.6844927325891724,6,1,1
0.005070148683091503,0.012466268120326685,3,0,0
0.8343020276231254,0.6072496164182919,3,0,1
0.09850353876377278,0.05230654247691194,1,0,0
0.06503666440534941,0.024014561877819307,2,0,0
0.10852892694151534,0.04008514167636399,0,1,0
0.18804604828499152,0.056484113326261645,1,0,0
0.009290082543999545,0.08647223762550532,0,0,0
0.888867309067521,0.6370501932205469,5,1,1
0.9528135706481664,0.6993505041479201,5,1,1
0.843070031940391,0.7478296797707092,6,1,1
0.07497411590474082,0.03556727164649492,1,1,0
0.946760438315259,0.7801016984571562,2,1,1
0.805887551035707,0.9267895629087347,3,1,1
0.12999278615555304,0.07222525683930663,0,0,0
0.7265814141909037,0.8951539939338424,2,1,1
0.8212869241764607,0.9157171393278742,3,1,1
0.11366172066709433,0.018123306616566016,2,0,0
0.14929828102360485,0.09650269106665127,0,0,0
0.1973279157002351,0.055417800251579344,0,0,0
0.016821361222999487,0.01716792858483035,2,1,0
0.03730370207997085,0.016068137325955568,0,0,0
0.08179058888285398,0.05912754357449293,0,0,0
0.045759633098324495,0.05034172708548569,0,0,0
0.7614040327171852,0.6750889622769009,5,1,1
0.14264895744459902,0.06408747448032147,4,0,0
0.02363296552433125,0.02310747965880714,2,0,0
0.7355507870794454,0.6679524024202941,6,1,1
0.9841272001325557,0.9349468319080603,4,1,1
0.7725679882338667,0.82427131797558,5,1,1
0.15156922209287382,0.04524395161326934,0,0,0
0.18437484700462337,0.04034828662123971,0,0,0
0.006285837137346851,0.016893506307216456,0,0,0
0.7676143804020297,0.7715777333720577,5,1,1
0.14920897585308465,0.024534910968132095,1,0,0
0.12457809516380006,0.06966508238768923,0,0,0
0.7228717653920693,0.701308953409086,2,1,1
0.02818484499495253,0.039224404509973235,0,1,0
0.8501203437130603,0.8665852190107343,4,1,1
0.7885871482143829,0.7069608111430166,3,1,1
0.7929363577627297,0.9544373741252833,6,1,1
0.8012036640307277,0.8060022638838893,2,1,1
0.025412102530376957,0.001811018382084051,1,0,0
0.1702273343033714,0.06277080530714178,1,0,0
0.07067044560521056,0.009158207332663416,1,0,0
0.9142979907204992,0.8710126455534739,0,0,1
0.1481537235508409,0.056988968487131655,2,0,0
0.1815132947852186,0.012063587110060081,1,0,0
0.039196572483829045,0.0028782676313338974,1,0,0
0.18858194078250384,0.010717201133977606,1,0,0
0.12150897038028768,0.08129010091300776,0,0,0
0.00920052840435055,0.049836777273947974,0,1,0
0.10030325893743992,0.014991742734877378,2,0,0
0.17896547008552977,0.05609379715353863,1,0,0
0.014237729692045798,0.0025386355660344862,1,0,0
0.18789978831283782,0.055190683877448556,1,0,0
0.17971083770541585,0.013441467693897424,1,0,0
0.10171413823294057,0.008870253375705562,2,0,0
0.785282227878255,0.6033279768908768,5,1,1
0.9038860998205324,0.8754526517231502,9,1,1
0.7186609678494108,0.9582699110475115,6,1,1
0.07203812828225258,0.061145423543464784,0,0,0
0.028598336410567173,0.013935607407282414,0,0,0
0.03216161028349973,0.06815027222239294,0,0,0
0.9943577587492347,0.9419896078245897,2,1,1
0.7889679736617792,0.6846543594279445,5,1,1
0.7409802710953517,0.970844251543371,5,1,1
0.17754083655165998,0.05416342146608669,2,0,0
0.10062725171601755,0.006707647738842748,0,0,0
0.06084844859190755,0.03764633668780496,1,1,0
0.8560509676932253,0.9359206426657707,3,1,1
0.10284688768272232,0.027340707193070624,3,0,0
0.9762983563289728,0.9766767946632122,4,1,1
0.9516991983154033,0.9843680587715299,6,1,1
0.7162996104468711,0.8993537398704925,5,1,1
0.06386272751808297,0.059029494251480776,1,1,0
0.15399871061972217,0.09321182824836124,2,0,0
0.8310987656996862,0.9872263248203036,4,1,1
0.03636499344142013,0.004521867010618941,0,0,0
0.758749925240281,0.8163620015352323,6,1,1
0.16344444004024317,0.05716126894698999,0,0,0
0.7501963912003181,0.7556921886767154,6,0,1
0.8080701756401283,0.8954892602906266,3,0,1
0.9873802363170312,0.6276183625258399,3,1,1
0.9585072711362035,0.876353590620329,5,1,1
0.10105047448957144,0.01814354350897973,0,0,0
0.05637095495467999,0.022197216193294945,1,0,0
0.1266202914546536,0.024240973241508024,0,0,0
0.8867029793851738,0.6296421690299469,8,1,1
0.9935576405167421,0.839720846455775,3,1,1
0.847859375334234,0.9314222391624325,9,1,1
0.17944315159066537,0.04254364386164168,2,0,0
0.14243584426950717,0.034886826654299534,1,0,0
0.06287119621526534,0.01770104842767468,1,0,0
0.8740266504008364,0.8545497126133497,3,1,1
0.7000034904266098,0.9995570448133162,3,0,1
0.8035576625482631,0.6468815622720934,7,1,1
0.7779714937728498,0.8422551557293646,4,1,1
0.8804661637899472,0.811070986488678,8,1,1
0.1754944027054106,0.010410858198457384,1,0,0
0.05598677938918857,0.039816869359094335,4,0,0
0.8002149897006308,0.9751860925735577,4,0,1
0.1521570097233795,0.018188008439914482,1,1,0
0.12865764368847063,0.04532888347480277,0,0,0
0.01888859215118568,0.06439995432390158,0,0,0
0.1972002127645742,0.013688563006880728,2,0,0
0.7814228141340143,0.9908027817755773,7,1,1
0.7332994296373944,0.793215879023556,2,1,1
0.12234414924687045,0.03469532018962277,3,1,0
0.11673122237017441,0.09173135754622429,0,0,0
0.7422408846678028,0.8785719228144429,7,1,1
0.9954575208287427,0.8498456192458126,4,1,1
0.16309228569096684,0.06220867002278735,2,0,0
0.0751165905279888,0.025179905890695277,1,0,0
0.0657329090739832,0.09484533069621567,1,1,0
0.03974313630683449,0.07836530127411431,4,0,0
0.9276328761271975,0.707804744916909,7,1,1
0.1501742135582995,0.0013001923510736037,0,1,0
0.18493872365571257,0.017088758739006584,2,0,0
0.9198097151770841,0.6340413944479141,2,1,1
0.04791237813339449,0.05371065418185478,0,0,0
0.13152257846006868,0.0938340456821038,1,0,0
0.058718368852898675,0.08212573046720129,0,1,0
0.11667375301943193,0.038929561404197656,0,0,0
0.0033175657855712306,0.08967654246264252,0,0,0
0.9341096509020645,0.9259758914162157,7,1,1
0.020294308573206424,0.0322353844974723,3,0,0
0.9451384426046755,0.9685230048851902,6,1,1
0.0797009468794747,0.014866272775311296,0,0,0
0.7004060877146404,0.6918392643015875,7,1,1
0.1231700196104433,0.04146241237270237,1,0,0
0.9450338399516908,0.904921049800384,1,1,1
0.7544841903269808,0.6155752066750663,5,1,1
0.16069618607696973,0.01785446620543336,0,0,0
0.05730825042565688,0.04620058036441327,0,0,0
0.06017566196335394,0.03274973521779147,2,0,0
0.02022453522455805,0.052569018230268584,0,0,0
0.9277015847565793,0.9924471631471743,2,1,1
0.9870399446452858,0.9581384356612677,5,1,1
0.7428550861902515,0.992147496376874,7,1,1
0.7155006164973883,0.741969864350804,3,1,1
0.12191286679597937,0.05935924535540487,2,0,0
0.7751403696377497,0.9988951599614411,7,1,1
0.8385148431439358,0.7492490473689535,6,1,1
0.1501229503281717,0.009944139275934516,0,0,0
0.9754717260026311,0.8028238586954873,4,1,1
0.7662558348889026,0.8784624580551701,1,1,1
0.07485415915122406,0.06514203883518642,0,0,0
0.17800106836351326,0.06939484444671,1,0,0
0.7075580241877688,0.9211243739298002,3,1,1
0.1872309548321562,0.06200727559285135,2,0,0
0.04246782213565523,0.08660638895004084,0,0,0
0.9421466612094648,0.9351633499407215,6,1,1
0.17129796823766447,0.07499604703991779,1,0,0
0.7144558037179888,0.7075414057528774,5,1,1
0.01411374948008597,0.020513964048200717,1,0,0
0.1774425485152653,0.012804583895777245,1,0,0
0.9872344057114288,0.8566937589194232,11,1,1
0.8541563392620303,0.9217656238709894,5,1,1
0.19517041589250694,0.07364442356247229,1,0,0
0.08542155772525127,0.036891363956977244,1,0,0
0.8452231209130605,0.6889445218992681,3,1,1
0.05004857963291907,0.03351972416459009,1,0,0
0.004116898859160489,0.06134151959357899,1,1,0
0.9154993526116012,0.7856954078956899,6,1,1
0.06400992020612235,0.042142455059249795,1,0,0
0.14049681679742185,0.08767656367617495,1,0,0
0.9843064077893413,0.7149846659589001,5,1,1
0.7847488197918556,0.6763706340286574,4,1,1
0.941187552265756,0.9830324060335269,2,1,1
0.17840931103542268,0.020162732004774454,0,0,0
0.12402651956030736,0.06946964708544268,1,0,0
0.8301452258729588,0.6250105182971383,5,1,1
0.7489106010794773,0.9116410345583147,4,1,1
0.9541182480951698,0.887495847141412,5,1,1
0.9215792374396992,0.9057762912302018,6,1,1
0.109123357863187,0.04407627469382282,1,0,0
0.18829296175530505,0.0400763060875326,1,0,0
0.1005358046457723,0.06791023191444896,1,0,0
0.12848385564126313,0.01906877206636666,1,0,0
0.9260283766770907,0.6270010186735288,3,1,1
0.7500859266241596,0.8177015864454791,5,1,1
0.946653966044927,0.9745122485875707,5,1,1
0.7824111445143676,0.6039915106633797,5,1,1
0.150474905887536,0.014011317576645255,0,0,0
0.7802778030183914,0.644172745364441,5,1,1
0.05864215433961291,0.02944657595419177,4,0,0
0.06984191492253218,0.06106200424416326,3,0,0
0.9852318123194015,0.808579609666752,6,1,1
0.0170694929987536,0.09224993811772958,3,0,0
0.9083786281759856,0.6669428128947124,6,1,1
0.9355568629445226,0.6936813483705336,5,1,1
0.9283113370752349,0.8951669573416101,8,1,1
0.8115172199207029,0.8616530948111494,3,1,1
0.903262680237686,0.9764483250134695,5,1,1
0.794688203129005,0.763868421350397,3,1,1
0.07440361715855663,0.08302198645669917,0,0,0
0.19391692555291173,0.052016350111199344,0,0,0
0.018620553561179844,0.032367923640424366,0,0,0
0.18051058133591336,0.0026532203873819715,0,0,0
0.9349595239895878,0.6645451204221534,5,1,1
0.8481442121370786,0.9805962840707149,4,1,1
0.7697152969168143,0.60604427368579,3,1,1
0.0010123167692437374,0.025464065476376387,1,0,0
0.15502656467222292,0.08521815003185401,4,0,0
0.8692222086500553,0.7255307232897662,3,0,1
0.9758593073968149,0.8999911193808283,4,0,1
0.7127266894620675,0.9716558080061851,3,1,1
0.77959784126664,0.7367621112421961,8,1,1
0.16648852816008436,0.09327284833540134,1,0,0
0.12022300234864176,0.09497999132919241,1,0,0
0.15090857481693648,0.008550853085446808,1,0,0
0.04471916770389053,0.056640464029689724,1,1,0
0.7627556396223784,0.916623281036548,3,1,1
0.14039337545154068,0.07200365365460744,2,0,0
0.058428929707043636,0.09699143978146033,1,0,0
0.7635982164095974,0.929897294938803,6,1,1
0.9856665357092784,0.9712728392455806,6,0,1
0.06415601299434717,0.024595772838450814,1,0,0
0.024407646968955768,0.09540510272587224,1,0,0
0.17921825998469865,0.02093493233367103,1,0,0
0.08392001248555798,0.07375012481097484,3,0,0
0.8972060446510386,0.7169532441648773,4,1,1
0.9798774587709016,0.6213391987955591,3,1,1
0.8221319467376883,0.7590449514211483,3,1,1
0.15232392306574352,0.036308229639863514,2,0,0
0.14580143360819747,0.09495206236576421,1,0,0
0.8249697485446876,0.7306556997703644,9,0,1
0.9822353561509324,0.9516743090404991,2,1,1
0.05795029058275361,0.003931213984109894,1,0,0
0.09090821295355465,0.010659825313377181,1,0,0
0.16187223109570273,0.011063173695520723,1,0,0
0.07492252292529425,0.05021950103312426,0,0,0
0.06379512605875226,0.015615259736619036,1,0,0
0.0176985004103839,0.013401522845064073,1,0,0
0.06617960497052984,0.04926180939928696,1,0,0
0.7401485088999079,0.7734331170530457,4,0,1
0.023973073466736564,0.05116774421156661,2,0,0
0.7316094766752569,0.9683066433853429,5,1,1
0.8514386794913584,0.620795740791083,4,1,1
0.8921845550646662,0.8626917938886431,6,1,1
0.8874351588368208,0.872044754178789,10,1,1
0.7440888128764629,0.7647832380136408,4,1,1
0.1098453329412241,0.08028534485980116,4,0,0
0.9107621504604421,0.6273834877334312,2,1,1
